date_utc,sport,domicile,exterieur,score_dom,score_ext,vainqueur,source_1,source_2,note
2026-06-27 15:00,soccer,wsgtirol,qarabag,0,4,,https://www.whoscored.com/matches/1990653/show/international-club-friendlies-2026-wsg-tirol-qarabag-fk,https://www.flashscore.com/match/football/qarabag-agdam-Qgd3eSin/tirol-fBe1n304/,Club Friendly (international club friendlies 2026) | double aveugle
2026-06-27 18:30,soccer,maracana,imperatriz,0,0,,https://br.soccerway.com/jogo/imperatriz-E3muGpNu/maracana-0UQkSpt7/?mid=zqJfmAro,https://www.365scores.com/pt/football/match/serie-d-5519/imperatriz-ma-maracana-10282-18783-5519,"Campeonato Brasileiro Série D 2026 - 2nd phase (knockout), 2nd leg | double aveugle"
2026-06-28 23:00,soccer,orlandocityxreserve,columbuscrewxres,2,2,,https://www.orlandocitysc.com/ocb/news/match-report-orlando-city-b-splits-points-with-columbus-crew-2-in-2-2-draw,https://www.365scores.com/football/match/mls-next-pro-7826/columbus-crew-ii-orlando-city-ii-29836-71286-7826,MLS Next Pro 2026 (regular season) | double aveugle
2026-06-30 18:30,soccer,olimpiaita,valoisrivarolasanfrancisc,5,0,,https://www.365scores.com/football/match/copa-paraguay-7127/olimpia-ita-sportivo-valois-rivarola-19731-75986-7127,https://www.youtube.com/watch?v=eIGTj6lz9-8,Copa Paraguay 2026 - Fase 1 (Copa de Todos) | double aveugle
2026-06-30 23:00,basketball,newyorkliberty,lasvegasaces,93,85,,https://www.espn.com/wnba/game/_/gameId/401857321/aces-liberty,https://www.nbcsports.com/wnba/news/new-york-liberty-beat-the-las-vegas-aces-93-85-to-win-the-commissioners-cup,WNBA Commissioner's Cup Championship 2026 | double aveugle
2026-07-04 23:00,soccer,vancouver,intertoronto,4,0,,https://www.fifa.com/ja/match-centre/match/6lkj3o21cr4g7bql6tb3fk222/bmqmrylzzfggzr15yas9dev4k/bobgwatdlld4sej3b6zjrxmac/czpcj9c4jgpxm5nvchgn86olw,https://www.cplsoccer.com/news/amissi-triple-sends-vancouver-to-dominant-4-0-win-vs-inter-toronto-highlights,Canadian Premier League 2026 (Regular Season) | double aveugle
2026-07-05 16:00,soccer,bostonlegacy,bay,2,2,,https://bayfc.com/press-releases/match-recap-at-boston-legacy-fc-20260705/,https://www.fifa.com/en/match-centre/match/djkvh1luqdkdixpoe653lzixg/4mrfrvsjf1xhltsvqyb6lx250/4nyitzl9pe9c9d89toqf8953o/2kstt04p8klmor1oinv06fw2c,NWSL 2026 (Regular Season) | double aveugle
2026-07-05 21:00,soccer,chicagoredstars,utahroyals,3,2,,https://chicagostars.com/first-team/chicago-stars-vs-utah-royals-score-goals-match-recap-highlights-7526/,https://www.fifa.com/en/match-centre/match/djkvh1luqdkdixpoe653lzixg/4mrfrvsjf1xhltsvqyb6lx250/4nyitzl9pe9c9d89toqf8953o/2lbxu22tvzslt0iynq8vow1zo,NWSL 2026 Regular Season (women) | double aveugle
2026-07-09 19:15,soccer,thorka,grindaviknjardvik,1,0,,https://www.visir.is/g/20262907461d/uppgjor-thor-ka-grindavik-njardvik-1-0.-margret-med-sigurmarkid-i-upphafi-leiks,https://www.rezilta.com/football/results/foot2924548.html,"Besta deild kvenna 2026 (Iceland women's top division), round 11 | double aveugle"
2026-07-12 02:00,soccer,losangelesxreserve,portlandtimbersxr,0,0,,https://www.lafc.com/lafc2/news/recap-lafc2-0-2-0-4-timbers2-mls-next-pro-july-11,https://www.oursportscentral.com/services/releases/timbers2-earn-two-points-and-extend-their-league-leading-shutout-record-in-scoreless-draw-at-lafc2/n-6387710,MLS Next Pro 2026 (regular season) | double aveugle
2026-07-15 17:00,volleyball,bulgaria,poland,,,away,https://www.gol.bg/a/218-volleyball/454698-balgariya-zagubi-s-03-ot-polsha-v-ligata-na-natsiite-i-uslozhni-bitkata-za-finalnata-osmitsa,https://novini247.com/novini/otborat-na-balgariya-otstapi-pred-tima-na-polsha-s-0-3_11005150.html,FIVB Men's Volleyball Nations League 2026 - Week 3 (Chicago / Hoffman Estates) | double aveugle
2026-07-16 08:45,soccer,indonesia,cambodia,1,1,,https://bola.kompas.com/read/2026/07/16/18404638/hasil-piala-aff-wanita-2026-indonesia-runner-up-grup-b-usai-ditahan-kamboja-1-1,https://sport.detik.com/sepakbola/liga-indonesia/d-8577330/hasil-aff-womens-cup-2026-indonesia-ditahan-kamboja-1-1,"AFF Women's Cup 2026 (ASEAN Women's Championship), Group B | double aveugle"
2026-07-16 18:00,soccer,silekskratovo,dinamominsk,0,1,,https://www.espn.com/soccer/match/_/gameId/401877783/dinamo-minsk-fk-sileks,https://www.fifa.com/en/match-centre/match/c7b8o53flg36wbuevfzy3lb10/acatl9aedc5l4im3r8l890y6s/acy92fti6niu79q6jdr90wems/7k6wnhvn3owu1zqve4vjlah3o,"UEFA Conference League 2026/27, 1st qualifying round, 2nd leg | contre-vérifié"
2026-07-17 21:45,soccer,sanlorenzo,deportivoriestra,1,1,,https://www.youtube.com/watch?v=1hr8ea764KM,https://cholilaonline.ar/2026/07/copa-argentina-2026-san-lorenzo.html,"Copa Argentina 2026, round of 32 (16vos de final) | double aveugle"
2026-07-18 11:00,soccer,chongqingtonglianglong,zhejiang,1,1,,https://www.fifa.com/en/match-centre/match/2000000087/e6818x4pwankpph8awr91m1hw/e6tn384fbw6e38sk3kf0g83ys/7hidcg1kqs4r7432k7ffg90d0,https://news.qq.com/rain/a/20260718A0ABNJ00?id=20260718A0ABNJ00&path=a&app=news&suid=&redirect_pc=1,"Chinese Super League 2026, round 19 | double aveugle"
2026-07-18 14:00,soccer,hamiltonacademical,raithrovers,1,1,,https://www.espn.com/soccer/match/_/gameId/401874219/raith-rovers-hamilton-academical,https://www.youtube.com/watch?v=ZTmXFsTyV34,"Scottish League Cup (Premier Sports Cup) 2026-27, group stage | double aveugle"
2026-07-25 00:30,soccer,cruzeiro,saopaulo,1,2,,https://www.otempo.com.br/sports/cruzeiro/2026/7/25/cabulosas-sao-superadas-pelo-sao-paulo-por-2-a-1-no-brasileirao-e-ficam-distantes-dos-lideres,https://www.youtube.com/watch?v=3H0PUPnjbfI,"Campeonato Brasileiro Feminino A1 2026, round 13 | double aveugle"
2026-07-25 08:00,soccer,buducnostpodgorica,hapoeljerusalem,0,1,,https://www.espn.com/soccer/match/_/gameId/401899239,https://www.sportytrader.com/en/results-live/zfk-buducnost-hapoel-katamon-jerusalem-8673965/,"UEFA Women's Champions League 2026-27, first qualifying round, third-place match | double aveugle"
2026-07-29 09:45,soccer,sydney,tottenhamhotspur,1,1,,https://www.skysports.com/football/news/13567990/tottenham-1-1-sydney-fc-4-2-on-pens-mathys-tel-scores-stunning-free-kick-as-spurs-win-pre-season-friendly-on-penalties,https://www.vavel.com/en-us/soccer/2026/07/29/1266735-tottenham-vs-sydney-fc-live-score-friendly.html,Sydney Super Cup - 1-1 a 90 min puis tirs au but
2026-07-30 17:00,soccer,pafos,hajduksplit,2,0,,https://sportnet.hr/uzivo/pafos-hajduk/135621/,https://www.nacional.hr/jos-jedno-razocaranje-ocajni-hajduk-primio-gol-u-91-pa-ispao-nakon-produzetaka-europu-nastavlja-u-gruziji/,"UEFA Europa League 2026/27, 2nd qualifying round, 2nd leg | double aveugle"
2026-08-01 11:30,soccer,manchestercity,internazionale,1,1,,https://www.espn.com/soccer/match/_/gameId/401871493/internazionale-manchester-city,https://www.sportytrader.com/en/results-live/manchester-city-inter-milan-8523724/,amical Hong Kong - 1-1 a 90 min puis tirs au but
2026-08-02 13:00,tennis,juanmanuelcerundolo,hamadmedjedovic,,,home,https://www.kurir.rs/sport/tenis/10067700/medjedovic-porazen-od-serundola-na-startu-mastersa-u-montrealu,https://www.tanjug.rs/sport/tenis/271236/mededovic-porazen-na-startu-mastersa-u-montrealu-od-argentinca-serundola/vest,ATP Masters 1000 Montreal (National Bank Open) 2026 - R1 | double aveugle
2026-08-07 18:30,soccer,utaarad,rapidbucuresti,0,0,,https://www.eurosport.ro/fotbal/superliga/2026-2027/etapa-a-4-a-din-superliga-a-inceput-cu-o-remiza-uta-arad-rapid-0-0_sto23326286/story.shtml,https://agerpres.ro/sport/2026/08/07/fotbal-uta-arad---rapid-bucuresti-0-0-in-superliga--1583252,Superliga J4
2026-08-07 18:30,soccer,bochum,herthaberlin,0,1,,https://www.espn.com/soccer/match/_/gameId/401885155/hertha-berlin-vfl-bochum,https://www.fifa.com/en/match-centre/match/722fdbecxzcq9788l6jqclzlw/c21j57b4gkcp8rzyp2cn8jbpw/c2ntrfeiukcgwb5ick5wee9lg/d1hyiezxthxgvkt37tjauxst0,"2. Bundesliga 2026/27, Matchday 1 | double aveugle"
2026-08-12 18:30,soccer,leedsunited,manchesterunited,1,1,,https://www.espn.com/soccer/match/_/gameId/401867394/leeds-united-manchester-united,https://www.vavel.com/en-us/soccer/2026/08/12/1267775-manchester-united-vs-leeds-live-score-friendly.html,amical Dublin - 1-1 a 90 min puis tirs au but
2026-08-23 12:00,soccer,agf,odense,2,2,,https://bold.dk/fodbold/kamp/agf-vs-ob/2026-08-23/16354298/kampinfo,https://ob.dk/nyheder/2026/august/to-comeback-mal-fra-fiete-arp-og-et-point-i-aarhus,Superliga J5
2026-09-06 13:00,soccer,hacken,malmo,1,1,,https://hurbra.se/hacken-malmo-1-1-damallsvenskan-2026/,https://swedenherald.com/article/hacken-held-to-late-11-draw-by-malmo-in-swedish-womens-league,"OBOS Damallsvenskan 2026 (Sweden, women) | double aveugle"
2026-09-09 19:00,soccer,charltonathletic,queensparkrangers,0,0,,https://www.foxsports.com/soccer/english-championship-charlton-vs-qpr-sep-09-2026-game-boxscore-900068?tab=boxscore,https://www.kentsportsnews.com/charlton-athletic-0-0-qpr-09-09-2026/,Championship
2026-09-24 17:00,soccer,rotweissoberhausen,schalke04,2,5,,https://schalke04.de/testspiel/sylla-viererpack-oberhausen/,https://www.reviersport.de/fussball/1bundesliga/a630806---rwo-schalke-2-0-dann-2-5-sylla-schiesst-oberhausen-ab-meyer-debuet-24-minuten-beendet.html,amical - Oberhausen a domicile
